StockCode,Description
10002,INFLATABLE POLITICAL GLOBE
15036,ASSORTED COLOURS SILK FAN
15039,SANDALWOOD FAN
15044A,PINK PAPER PARASOL
15044C,PURPLE PAPER PARASOL
15056BL,EDWARDIAN PARASOL BLACK
15056N,EDWARDIAN PARASOL NATURAL
15056n,EDWARDIAN PARASOL NATURAL
15058A,BLUE POLKADOT GARDEN PARASOL
16011,ANIMAL STICKERS
16014,SMALL CHINESE STYLE SCISSOR
16048,TEATIME ROUND PENCIL SHARPENER
16156S,WRAP PINK FAIRY CAKES
16161P,WRAP ENGLISH ROSE
16169E,WRAP 50'S  CHRISTMAS
16219,HOUSE SHAPE PENCIL SHARPENER
16225,RATTLE SNAKE EGGS
17001,HEAVENS SCENT FRAGRANCE OILS ASSTD
17012B,ORIGAMI JASMINE INCENSE/CANDLE SET
17021,NAMASTE SWAGAT INCENSE
17084A,TRANQUILITY MASALA INCENSE
17084N,FAIRY DREAMS INCENSE
17136A,BLUE STONES ON WIRE FOR CANDLE
20618,QUEEN OF THE SKIES PASSPORT COVER
20652,BLUE POLKADOT LUGGAGE TAG
20654,FIRST CLASS LUGGAGE TAG
20657,TROPICAL LUGGAGE TAG
20667,CHERRY BLOSSOM PURSE
20668,DISCO BALL CHRISTMAS DECORATION
20669,RED HEART LUGGAGE TAG
20675,BLUE POLKADOT BOWL
20676,RED RETROSPOT BOWL
20679,EDWARDIAN PARASOL RED
20682,RED RETROSPOT CHILDRENS UMBRELLA
20685,DOORMAT RED RETROSPOT
20711,JUMBO BAG TOYS
20712,JUMBO BAG WOODLAND ANIMALS
20713,JUMBO BAG OWLS
20717,STRAWBERRY SHOPPER BAG
20718,RED RETROSPOT SHOPPER BAG
20719,WOODLAND CHARLOTTE BAG
20723,STRAWBERRY CHARLOTTE BAG
20724,RED RETROSPOT CHARLOTTE BAG
20725,LUNCH BAG RED RETROSPOT
20726,LUNCH BAG WOODLAND
20728,LUNCH BAG CARS BLUE
20733,GOLD MINI TAPE MEASURE
20749,ASSORTED COLOUR MINI CASES
20751,FUNKY WASHING UP GLOVES ASSORTED
20752,BLUE POLKADOT WASHING UP GLOVES
20754,RETROSPOT RED WASHING UP GLOVES
20756,GREEN FERN POCKET BOOK
20762,GREEN FERN SKETCHBOOK
20769,DAISY JOURNAL
20775,DAISY NOTEBOOK
20828,GLITTER BUTTERFLY CLIPS
20829,GLITTER HANGING BUTTERFLY STRING
20839,FRENCH PAISLEY CUSHION COVER
20846,ZINC HEART LATTICE T-LIGHT HOLDER
20856,DENIM PATCH PURSE PINK BUTTERFLY
20886,BOX OF 9 PEBBLE CANDLES
20914,SET/5 RED RETROSPOT LID GLASS BOWLS
20961,STRAWBERRY BATH SPONGE
20963,APPLE BATH SPONGE
20966,SANDWICH BATH SPONGE
20969,RED FLORAL FELTCRAFT SHOULDER BAG
20970,PINK FLORAL FELTCRAFT SHOULDER BAG
20971,PINK BLUE FELT CRAFT TRINKET BOX
20972,PINK CREAM FELT CRAFT TRINKET BOX
20974,12 PENCILS SMALL TUBE SKULL
20975,12 PENCILS SMALL TUBE RED RETROSPOT
20977,36 PENCILS TUBE WOODLAND
20978,36 PENCILS TUBE SKULLS
20979,36 PENCILS TUBE RED RETROSPOT
20981,12 PENCILS TALL TUBE WOODLAND
20983,12 PENCILS TALL TUBE RED RETROSPOT
20984,12 PENCILS TALL TUBE POSY
20996,JAZZ HEARTS ADDRESS BOOK
20998,ROSE DU SUD OVEN GLOVE
21000,ROSE DU SUD COSMETICS BAG
21026,SPACE OWL
21034,REX CASH+CARRY JUMBO SHOPPER
21035,SET/2 RED RETROSPOT TEA TOWELS
21039,RED RETROSPOT SHOPPING BAG
21056,DOCTOR'S BAG SOFT TOY
21058,PARTY INVITES WOODLAND
21060,PARTY INVITES BALLOON GIRL
21061,PARTY INVITES FOOTBALL
21063,PARTY INVITES JAZZ HEARTS
21068,VINTAGE BILLBOARD LOVE/HATE MUG
21071,VINTAGE BILLBOARD DRINK ME MUG
21078,SET/20 STRAWBERRY PAPER NAPKINS
21080,SET/20 RED RETROSPOT PAPER NAPKINS
21082,SET/20 FRUIT SALAD PAPER NAPKINS
21084,SET/6 COLLAGE PAPER CUPS
21086,SET/6 RED SPOTTY PAPER CUPS
21090,SET/6 COLLAGE PAPER PLATES
21094,SET/6 RED SPOTTY PAPER PLATES
21098,CHRISTMAS TOILET ROLL
21108,FAIRY CAKE FLANNEL ASSORTED COLOUR
21109,LARGE CAKE TOWEL CHOCOLATE SPOTS
21111,"SWISS ROLL TOWEL, CHOCOLATE  SPOTS"
21115,ROSE CARAVAN DOORSTOP
21116,OWL DOORSTOP
21122,SET/10 PINK POLKADOT PARTY CANDLES
21123,SET/10 IVORY POLKADOT PARTY CANDLES
21124,SET/10 BLUE POLKADOT PARTY CANDLES
21128,GOLD FISHING GNOME
21131,GOLD STANDING GNOME
21135,VICTORIAN  METAL POSTCARD SPRING
21136,PAINTED METAL PEARS ASSORTED
21137,BLACK RECORD COVER FRAME
21154,RED RETROSPOT OVEN GLOVE
21155,RED RETROSPOT PEG BAG
21156,RETROSPOT CHILDRENS APRON
21158,MOODY GIRL DOOR HANGER
21164,HOME SWEET HOME METAL SIGN
21165,BEWARE OF THE CAT METAL SIGN
21166,COOK WITH WINE METAL SIGN
21169,YOU'RE CONFUSING ME METAL SIGN
21172,PARTY METAL SIGN
21174,POTTERING IN THE SHED METAL SIGN
21175,GIN + TONIC DIET METAL SIGN
21181,PLEASE ONE PERSON METAL SIGN
21188,3D HEARTS  HONEYCOMB PAPER GARLAND
21189,WHITE HONEYCOMB PAPER GARLAND
21202,DOLLY HONEYCOMB GARLAND
21206,STRAWBERRY HONEYCOMB  GARLAND
21209,MULTICOLOUR HONEYCOMB FAN
21210,SET OF 72 RETROSPOT PAPER  DOILIES
21212,PACK OF 72 RETROSPOT CAKE CASES
21213,PACK OF 72 SKULL CAKE CASES
21215,IVORY PAPER CUP CAKE CASES
21216,"SET 3 RETROSPOT TEA,COFFEE,SUGAR"
21217,RED RETROSPOT ROUND CAKE TINS
21218,RED SPOTTY BISCUIT TIN
21219,SET/4 BADGES BALLOON GIRL
21231,SWEETHEART CERAMIC TRINKET BOX
21232,STRAWBERRY CERAMIC TRINKET BOX
21239,PINK  POLKADOT CUP
21242,RED RETROSPOT PLATE
21244,BLUE POLKADOT PLATE
21245,GREEN POLKADOT PLATE
21246,RED RETROSPOT BIG BOWL
21257,VICTORIAN SEWING BOX MEDIUM
21259,VICTORIAN SEWING BOX SMALL
21260,FIRST AID TIN
21262,WHITE GOOSE FEATHER CHRISTMAS TREE
21264,WHITE GOOSE FEATHER TREE 60CM
21284,RETROSPOT CANDLE  SMALL
21287,SCENTED VELVET LOUNGE CANDLE
21288,STRIPEY CHOCOLATE NESTING BOXES
21306,SET/4 DAISY MIRROR MAGNETS
21311,SET/4 BIRD MIRROR MAGNETS
21313,GLASS HEART T-LIGHT HOLDER
21314,SMALL GLASS HEART TRINKET POT
21317,GLASS SPHERE CANDLE STAND MEDIUM
21320,GLASS CHALICE GREEN  LARGE
21326,AGED GLASS SILVER T-LIGHT HOLDER
21327,SKULLS WRITING SET
21328,BALLOONS  WRITING SET
21329,DINOSAURS  WRITING SET
21348,PINK SPOTS CHOCOLATE NESTING BOXES
21356,TOAST ITS - FAIRY FLOWER
21363,HOME SMALL WOOD LETTERS
21373,MIRRORED WALL ART SNOWFLAKES
21375,LARGE CAMPHOR WOOD FIELD MUSHROOM
21380,WOODEN HAPPY BIRTHDAY GARLAND
21381,MINI WOODEN HAPPY BIRTHDAY GARLAND
21382,SET/4 SPRING FLOWER DECORATION
21383,PACK OF 12 STICKY BUNNIES
21385,IVORY HANGING DECORATION  HEART
21390,FILIGRIS HEART WITH BUTTERFLY
21391,FRENCH LAVENDER SCENT HEART
21394,RED POLKADOT BEAKER
21395,BLUE POLKADOT BEAKER
21397,BLUE POLKADOT EGG CUP
21398,RED POLKADOT COFFEE  MUG
21411,GINGHAM HEART  DOORSTOP RED
21413,PERIWINKLE T-LIGHT HOLDER
21422,PORCELAIN ROSE SMALL
21425,SKULLS STORAGE BOX LARGE
21428,SET3 BOOK BOX GREEN GINGHAM FLOWER
21429,RED GINGHAM ROSE JEWELLERY BOX
21430,SET/3 RED GINGHAM ROSE STORAGE BOX
21439,BASKET OF TOADSTOOLS
21441,BLUE BIRDHOUSE DECORATION
21442,GREEN BIRDHOUSE DECORATION
21446,12 RED ROSE PEG PLACE SETTINGS
21448,12 DAISY PEGS IN WOOD BOX
21452,TOADSTOOL MONEY BOX
21458,2 PICTURE BOOK EGGS EASTER BUNNY
21463,MIRRORED DISCO BALL
21466,RED FLOWER CROCHET FOOD COVER
21469,POLKA DOT RAFFIA FOOD COVER
21470,FLOWER VINE RAFFIA FOOD COVER
21479,WHITE SKULL HOT WATER BOTTLE
21481,FAWN BLUE HOT WATER BOTTLE
21485,RETROSPOT HEART HOT WATER BOTTLE
21494,ROTATING LEAVES T-LIGHT HOLDER
21495,SKULLS AND CROSSBONES WRAP
21497,FANCY FONTS BIRTHDAY WRAP
21498,RED RETROSPOT WRAP
21499,BLUE POLKADOT WRAP
21500,PINK POLKADOT WRAP
21509,COWBOYS AND INDIANS BIRTHDAY CARD
21519,GIN & TONIC DIET GREETING CARD
21523,DOORMAT FANCY FONT HOME SWEET HOME
21524,DOORMAT SPOTTY HOME SWEET HOME
21528,DAIRY MAID TRADITIONAL TEAPOT
21530,DAIRY MAID TOASTRACK
21531,RED RETROSPOT SUGAR JAM BOWL
21533,RETROSPOT LARGE MILK JUG
21534,DAIRY MAID LARGE MILK JUG
21544,SKULLS  WATER TRANSFER TATTOOS
21558,SKULL LUNCH BOX WITH CUTLERY
21559,STRAWBERRY LUNCH BOX WITH CUTLERY
21561,DINOSAUR LUNCH BOX WITH CUTLERY
21563,RED HEART SHAPE LOVE BUCKET
21564,PINK  HEART SHAPE LOVE BUCKET
21576,LETS GO SHOPPING COTTON TOTE BAG
21577,SAVE THE PLANET COTTON TOTE BAG
21592,RETROSPOT CIGAR BOX MATCHES
21595,Dad's Cab Electronic Meter
21616,4 PEAR BOTANICAL DINNER CANDLES
21619,4 VANILLA BOTANICAL CANDLES
21623,VINTAGE UNION JACK MEMOBOARD
21624,VINTAGE UNION JACK DOORSTOP
21630,FLOOR CUSHION ELEPHANT CARNIVAL
21636,MADRAS NOTEBOOK MEDIUM
21641,ASSORTED TUTTI FRUTTI KEYRING BALL
21657,MILK BOTTLE WITH GLASS STOPPER
21668,RED STRIPE CERAMIC DRAWER KNOB
21671,RED SPOT CERAMIC DRAWER KNOB
21672,WHITE SPOT RED CERAMIC DRAWER KNOB
21673,WHITE SPOT BLUE CERAMIC DRAWER KNOB
21700,BIG DOUGHNUT FRIDGE MAGNETS
21703,BAG 125g SWIRLY MARBLES
21704,BAG 250g SWIRLY MARBLES
21710,FOLDING UMBRELLA PINKWHITE POLKADOT
21714,CITRONELLA CANDLE GARDEN POT
21718,RED METAL BEACH SPADE
21723,ALPHABET HEARTS STICKER SHEET
21730,GLASS STAR FROSTED T-LIGHT HOLDER
21731,RED TOADSTOOL LED NIGHT LIGHT
21733,RED HANGING HEART T-LIGHT HOLDER
21744,SNOWFLAKE PORTABLE TABLE LIGHT
21749,LARGE RED RETROSPOT WINDMILL
21750,LARGE SKULL WINDMILL
21754,HOME BUILDING BLOCK WORD
21756,BATH BUILDING BLOCK WORD
21770,OPEN CLOSED METAL SIGN
21774,DECORATIVE CATS BATHROOM BOTTLE
21775,DECORATIVE FLORE BATHROOM BOTTLE
21786,POLKADOT RAIN HAT
21787,RAIN PONCHO RETROSPOT
21789,KIDS RAIN MAC PINK
21790,VINTAGE SNAP CARDS
21791,VINTAGE HEADS AND TAILS CARD GAME
21793,CLASSIC FRENCH STYLE BASKET BROWN
21794,CLASSIC FRENCH STYLE BASKET NATURAL
21801,CHRISTMAS TREE DECORATION WITH BELL
21803,CHRISTMAS TREE STAR DECORATION
21808,"CHRISTMAS GARLAND STARS,TREES"
21809,CHRISTMAS HANGING TREE WITH BELL
21810,CHRISTMAS HANGING STAR WITH BELL
21811,HANGING HEART WITH BELL
21819,GLITTER CHRISTMAS STAR
21829,DINOSAUR KEYRINGS ASSORTED
21830,ASSORTED CREEPY CRAWLIES
21843,RED RETROSPOT CAKE STAND
21844,RED RETROSPOT MUG
21845,DAIRY MAID STRIPE MUG
21846,PINK DIAMANTE PEN IN GIFT BOX
21849,SILVER DIAMANTE PEN IN GIFT BOX
21850,BLUE  DIAMANTE PEN IN GIFT BOX
21851,LILAC DIAMANTE PEN IN GIFT BOX
21865,PINK UNION JACK  PASSPORT COVER
21868,POTTING SHED TEA MUG
21870,I CAN ONLY PLEASE ONE PERSON MUG
21871,SAVE THE PLANET MUG
21874,GIN AND TONIC MUG
21876,POTTERING MUG
21877,HOME SWEET HOME MUG
21878,PACK OF 6 SANDCASTLE FLAGS ASSORTED
21880,RED RETROSPOT TAPE
21883,STARS GIFT TAPE
21888,BINGO SET
21889,WOODEN BOX OF DOMINOES
21890,S/6 WOODEN SKITTLES IN COTTON BAG
21891,TRADITIONAL WOODEN SKIPPING ROPE
21892,TRADITIONAL WOODEN CATCH CUP GAME
21896,POTTING SHED TWINE
21898,POTTING SHED ROSE CANDLE
21899,GARAGE KEY FOB
21900,"KEY FOB , SHED"
21901,"KEY FOB , BACK DOOR"
21905,MORE BUTTER METAL SIGN
21908,CHOCOLATE THIS WAY METAL SIGN
21912,VINTAGE SNAKES & LADDERS
21913,VINTAGE SEASIDE JIGSAW PUZZLES
21914,BLUE HARMONICA IN BOX
21916,SET 12 RETRO WHITE CHALK STICKS
21917,SET 12 KIDS  WHITE CHALK STICKS
21918,SET 12 KIDS COLOUR  CHALK STICKS
21922,UNION STRIPE WITH FRINGE  HAMMOCK
21927,BLUE/CREAM STRIPE CUSHION COVER
21928,JUMBO BAG SCANDINAVIAN BLUE PAISLEY
21929,JUMBO BAG PINK VINTAGE PAISLEY
21930,JUMBO STORAGE BAG SKULLS
21931,JUMBO STORAGE BAG SUKI
21932,SCANDINAVIAN PAISLEY PICNIC BAG
21933,PINK VINTAGE PAISLEY PICNIC BAG
21934,SKULL SHOULDER BAG
21936,RED RETROSPOT PICNIC BAG
21944,KITTENS DESIGN FLANNEL
21945,STRAWBERRIES  DESIGN FLANNEL
21948,SET OF 6 CAKE CHOPSTICKS
21975,PACK OF 60 DINOSAUR CAKE CASES
21976,PACK OF 60 MUSHROOM CAKE CASES
21977,PACK OF 60 PINK PAISLEY CAKE CASES
21980,PACK OF 12 RED RETROSPOT TISSUES
21982,PACK OF 12 SUKI TISSUES
21985,PACK OF 12 HEARTS DESIGN TISSUES
21986,PACK OF 12 PINK POLKADOT TISSUES
21987,PACK OF 6 SKULL PAPER CUPS
21989,PACK OF 20 SKULL PAPER NAPKINS
21990,MODERN FLORAL STATIONERY SET
21991,BOHEMIAN COLLAGE STATIONERY SET
21993,FLORAL FOLK STATIONERY SET
22024,RAINY LADIES BIRTHDAY CARD
22028,PENNY FARTHING BIRTHDAY CARD
22029,SPACEBOY BIRTHDAY CARD
22030,SWALLOWS GREETING CARD
22031,BOTANICAL LAVENDER BIRTHDAY CARD
22032,BOTANICAL LILY GREETING CARD
22037,ROBOT BIRTHDAY CARD
22041,"RECORD FRAME 7"" SINGLE SIZE"
22046,TEA PARTY  WRAPPING PAPER
22047,EMPIRE GIFT WRAP
22055,MINI CAKE STAND  HANGING STRAWBERY
22059,CERAMIC STRAWBERRY DESIGN MUG
22060,LARGE CAKE STAND HANGING HEARTS
22061,LARGE CAKE STAND  HANGING STRAWBERY
22065,CHRISTMAS PUDDING TRINKET POT
22066,LOVE HEART TRINKET POT
22067,CHOC TRUFFLE GOLD TRINKET POT
22070,SMALL RED RETROSPOT MUG IN BOX
22071,SMALL WHITE RETROSPOT MUG IN BOX
22072,RED RETROSPOT TEA CUP AND SAUCER
22074,6 RIBBONS SHIMMERING PINKS
22076,6 RIBBONS EMPIRE
22077,6 RIBBONS RUSTIC CHARM
22079,RIBBON REEL HEARTS DESIGN
22080,RIBBON REEL POLKADOTS
22081,RIBBON REEL FLORA + FAUNA
22082,RIBBON REEL STRIPES DESIGN
22083,PAPER CHAIN KIT RETROSPOT
22085,PAPER CHAIN KIT SKULLS
22086,PAPER CHAIN KIT 50'S CHRISTMAS
22087,PAPER BUNTING WHITE LACE
22089,PAPER BUNTING VINTAGE PAISLEY
22090,PAPER BUNTING RETROSPOT
22094,RED RETROSPOT TISSUE BOX
22096,PINK PAISLEY SQUARE TISSUE BOX
22097,SWALLOW SQUARE TISSUE BOX
22098,BOUDOIR SQUARE TISSUE BOX
22099,CARAVAN SQUARE TISSUE BOX
22107,PIZZA PLATE IN BOX
22109,FULL ENGLISH BREAKFAST PLATE
22110,BIRD HOUSE HOT WATER BOTTLE
22111,SCOTTIE DOG HOT WATER BOTTLE
22112,CHOCOLATE HOT WATER BOTTLE
22113,GREY HEART HOT WATER BOTTLE
22114,HOT WATER BOTTLE TEA AND SYMPATHY
22115,METAL SIGN EMPIRE TEA
22117,METAL SIGN HER DINNER IS SERVED
22119,PEACE WOODEN BLOCK LETTERS
22120,WELCOME  WOODEN BLOCK LETTERS
22123,PING MICROWAVE APRON
22132,RED LOVE HEART SHAPE CUP
22133,PINK LOVE HEART SHAPE CUP
22135,MINI LADLE LOVE HEART PINK
22136,LOVE HEART SOCK HANGER
22138,BAKING SET 9 PIECE RETROSPOT
22139,RETROSPOT TEA SET CERAMIC 11 PC
22141,CHRISTMAS CRAFT TREE TOP ANGEL
22142,CHRISTMAS CRAFT WHITE FAIRY
22144,CHRISTMAS CRAFT LITTLE FRIENDS
22147,FELTCRAFT BUTTERFLY HEARTS
22149,FELTCRAFT 6 FLOWER FRIENDS
22151,PLACE SETTING WHITE HEART
22152,PLACE SETTING WHITE STAR
22153,ANGEL DECORATION STARS ON DRESS
22154,ANGEL DECORATION 3 BUTTONS
22155,STAR DECORATION RUSTIC
22156,HEART DECORATION WITH PEARLS
22158,3 HEARTS HANGING DECORATION RUSTIC
22161,HEART DECORATION RUSTIC HANGING
22162,HEART GARLAND RUSTIC PADDED
22163,HEART STRING MEMO HOLDER HANGING
22166,WALL MIRROR RECTANGLE DIAMANTE PINK
22169,FAMILY ALBUM WHITE PICTURE FRAME
22171,3 HOOK PHOTO SHELF ANTIQUE WHITE
22173,METAL 4 HOOK HANGER FRENCH CHATEAU
22174,PHOTO CUBE
22175,PINK OWL SOFT TOY
22178,VICTORIAN GLASS HANGING T-LIGHT
22179,SET 10 LIGHTS NIGHT OWL
22180,RETROSPOT LAMP
22187,GREEN CHRISTMAS TREE CARD HOLDER
22189,CREAM HEART CARD HOLDER
22192,BLUE DINER WALL CLOCK
22194,BLACK DINER WALL CLOCK
22195,LARGE HEART MEASURING SPOONS
22196,SMALL HEART MEASURING SPOONS
22197,POPCORN HOLDER
22199,FRYING PAN RED RETROSPOT
22203,MILK PAN RED RETROSPOT
22208,WOOD STAMP SET THANK YOU
22209,WOOD STAMP SET HAPPY BIRTHDAY
22212,FOUR HOOK  WHITE LOVEBIRDS
22215,CAKE STAND WHITE TWO TIER LACE
22217,T-LIGHT HOLDER HANGING LACE
22219,LOVEBIRD HANGING DECORATION WHITE
22227,HANGING HEART MIRROR DECORATION
22231,JIGSAW TREE WITH BIRDHOUSE
22244,3 HOOK HANGER MAGIC GARDEN
22248,DECORATION  PINK CHICK MAGIC GARDEN
22251,BIRDHOUSE DECORATION MAGIC GARDEN
22255,FELT TOADSTOOL  SMALL
22258,FELT FARM ANIMAL RABBIT
22261,FELT EGG COSY WHITE RABBIT
22262,FELT EGG COSY CHICKEN
22263,FELT EGG COSY LADYBIRD
22268,DECORATION SITTING BUNNY
22271,FELTCRAFT DOLL ROSIE
22274,FELTCRAFT DOLL EMILY
22277,COSMETIC BAG VINTAGE ROSE PAISLEY
22281,EASTER TREE YELLOW BIRDS
22283,6 EGG HOUSE PAINTED WOOD
22284,HEN HOUSE DECORATION
22285,HANGING HEN ON NEST DECORATION
22286,DECORATION WOBBLY RABBIT METAL
22291,HANGING CHICK CREAM DECORATION
22292,HANGING CHICK  YELLOW DECORATION
22294,HEART FILIGREE DOVE  SMALL
22295,HEART FILIGREE DOVE LARGE
22296,HEART IVORY TRELLIS LARGE
22297,HEART IVORY TRELLIS SMALL
22300,COFFEE MUG DOG + BALL DESIGN
22301,COFFEE MUG CAT + BIRD DESIGN
22302,COFFEE MUG PEARS  DESIGN
22303,COFFEE MUG APPLES DESIGN
22310,IVORY KNITTED MUG COSY
22311,OFFICE MUG WARMER BLACK+SILVER
22312,OFFICE MUG WARMER POLKADOT
22315,200 RED + WHITE BENDY STRAWS
22317,FIVE CATS HANGING DECORATION
22318,FIVE HEART HANGING DECORATION
22319,HAIRCLIPS FORTIES FABRIC ASSORTED
22320,BIRDS MOBILE VINTAGE DESIGN
22321,BIRD DECORATION RED RETROSPOT
22325,MOBILE VINTAGE HEARTS
22326,ROUND SNACK BOXES SET OF4 WOODLAND
22327,ROUND SNACK BOXES SET OF 4 SKULLS
22328,ROUND SNACK BOXES SET OF 4 FRUITS
22329,ROUND CONTAINER SET OF 5 RETROSPOT
22333,RETROSPOT PARTY BAG + STICKER SET
22335,HEART DECORATION PAINTED ZINC
22336,DOVE DECORATION PAINTED ZINC
22338,STAR DECORATION PAINTED ZINC
22339,CHRISTMAS TREE PAINTED ZINC
22348,TEA BAG PLATE RED RETROSPOT
22352,LUNCH BOX WITH CUTLERY RETROSPOT
22353,LUNCH BOX WITH CUTLERY FAIRY CAKES
22354,RETROSPOT PADDED SEAT CUSHION
22355,CHARLOTTE BAG SUKI DESIGN
22356,CHARLOTTE BAG PINK POLKADOT
22357,KINGS CHOICE BISCUIT TIN
22358,KINGS CHOICE TEA CADDY
22364,GLASS JAR DIGESTIVE BISCUITS
22365,DOORMAT RESPECTABLE HOUSE
22366,DOORMAT AIRMAIL
22367,CHILDRENS APRON SPACEBOY DESIGN
22371,AIRLINE BAG VINTAGE TOKYO 78
22375,AIRLINE BAG VINTAGE JET SET BROWN
22377,BOTTLE BAG RETROSPOT
22378,WALL TIDY RETROSPOT
22379,RECYCLING BAG RETROSPOT
22380,TOY TIDY SPACEBOY
22381,TOY TIDY PINK POLKADOT
22382,LUNCH BAG SPACEBOY DESIGN
22383,LUNCH BAG SUKI DESIGN
22384,LUNCH BAG PINK POLKADOT
22385,JUMBO BAG SPACEBOY DESIGN
22386,JUMBO BAG PINK POLKADOT
22398,MAGNETS PACK OF 4 SWALLOWS
22399,MAGNETS PACK OF 4 CHILDHOOD MEMORY
22411,JUMBO SHOPPER VINTAGE RED PAISLEY
22412,METAL SIGN NEIGHBOURHOOD WITCH
22413,METAL SIGN TAKE IT OR LEAVE IT
22416,SET OF 36 SPACEBOY PAPER DOILIES
22417,PACK OF 60 SPACEBOY CAKE CASES
22418,10 COLOUR SPACEBOY PEN
22420,LIPSTICK PEN BABY PINK
22421,LIPSTICK PEN FUSCHIA
22423,REGENCY CAKESTAND 3 TIER
22424,ENAMEL BREAD BIN CREAM
22427,ENAMEL FLOWER JUG CREAM
22428,ENAMEL FIRE BUCKET CREAM
22429,ENAMEL MEASURING JUG CREAM
22430,ENAMEL WATERING CAN CREAM
22431,WATERING CAN BLUE ELEPHANT
22432,WATERING CAN PINK BUNNY
22433,WATERING CAN GREEN DINOSAUR
22435,SET OF 9 HEART SHAPED BALLOONS
22436,12 COLOURED PARTY BALLOONS
22437,SET OF 9 BLACK SKULL BALLOONS
22438,BALLOON ART MAKE YOUR OWN FLOWERS
22439,6 ROCKET BALLOONS
22442,GROW YOUR OWN FLOWERS SET OF 3
22443,GROW YOUR OWN HERBS SET OF 3
22445,PENCIL CASE LIFE IS BEAUTIFUL
22446,PIN CUSHION BABUSHKA PINK
22451,SILK PURSE BABUSHKA RED
22457,NATURAL SLATE HEART CHALKBOARD
22460,EMBOSSED GLASS TEALIGHT HOLDER
22464,HANGING METAL HEART LANTERN
22465,HANGING METAL STAR LANTERN
22466,FAIRY TALE COTTAGE NIGHTLIGHT
22467,GUMBALL COAT RACK
22468,BABUSHKA LIGHTS STRING OF 10
22469,HEART OF WICKER SMALL
22470,HEART OF WICKER LARGE
22471,TV DINNER TRAY AIR HOSTESS
22477,WATERING CAN GARDEN MARKER
22478,BIRDHOUSE GARDEN MARKER
22481,BLACK TEA TOWEL CLASSIC DESIGN
22485,SET OF 2 WOODEN MARKET CRATES
22488,NATURAL SLATE RECTANGLE CHALKBOARD
22489,PACK OF 12 TRADITIONAL CRAYONS
22492,MINI PAINT SET VINTAGE
22493,PAINT YOUR OWN CANVAS SET
22494,EMERGENCY FIRST AID TIN
22497,SET OF 2 TINS VINTAGE BATHROOM
22499,WOODEN UNION JACK BUNTING
22500,SET OF 2 TINS JARDIN DE PROVENCE
22501,PICNIC BASKET WICKER LARGE
22502,PICNIC BASKET WICKER SMALL
22505,MEMO BOARD COTTAGE DESIGN
22507,MEMO BOARD RETROSPOT  DESIGN
22508,DOORSTOP RETROSPOT HEART
22513,DOORSTOP FOOTBALL DESIGN
22514,CHILDS GARDEN SPADE BLUE
22517,CHILDS GARDEN RAKE PINK
22519,CHILDS GARDEN BRUSH PINK
22520,CHILDS GARDEN TROWEL BLUE
22521,CHILDS GARDEN TROWEL PINK
22523,CHILDS GARDEN FORK PINK
22529,MAGIC DRAWING SLATE GO TO THE FAIR
22530,MAGIC DRAWING SLATE DOLLY GIRL
22531,MAGIC DRAWING SLATE CIRCUS PARADE
22533,MAGIC DRAWING SLATE BAKE A CAKE
22536,MAGIC DRAWING SLATE PURDEY
22539,MINI JIGSAW DOLLY GIRL
22540,MINI JIGSAW CIRCUS PARADE
22541,MINI JIGSAW LEAP FROG
22543,MINI JIGSAW BAKE A CAKE
22544,MINI JIGSAW SPACEBOY
22545,MINI JIGSAW BUNNIES
22546,MINI JIGSAW PURDEY
22549,PICTURE DOMINOES
22551,PLASTERS IN TIN SPACEBOY
22553,PLASTERS IN TIN SKULLS
22554,PLASTERS IN TIN WOODLAND ANIMALS
22555,PLASTERS IN TIN STRONGMAN
22556,PLASTERS IN TIN CIRCUS PARADE
22557,PLASTERS IN TIN VINTAGE PAISLEY
22558,CLOTHES PEGS RETROSPOT PACK 24
22559,SEASIDE FLYING DISC
22560,TRADITIONAL MODELLING CLAY
22561,WOODEN SCHOOL COLOURING SET
22562,MONSTERS STENCIL CRAFT
22565,FELTCRAFT HAIRBANDS PINK AND WHITE
22567,20 DOLLY PEGS RETROSPOT
22568,FELTCRAFT CUSHION OWL
22570,FELTCRAFT CUSHION RABBIT
22573,STAR WOODEN CHRISTMAS DECORATION
22576,SWALLOW WOODEN CHRISTMAS DECORATION
22577,WOODEN HEART CHRISTMAS SCANDINAVIAN
22578,WOODEN STAR CHRISTMAS SCANDINAVIAN
22579,WOODEN TREE CHRISTMAS SCANDINAVIAN
22580,ADVENT CALENDAR GINGHAM SACK
22584,PACK OF 6 PANNETONE GIFT BOXES
22585,PACK OF 6 BIRDY GIFT TAGS
22586,FELTCRAFT HAIRBAND PINK AND BLUE
22589,CARDHOLDER GINGHAM STAR
22591,CARDHOLDER GINGHAM CHRISTMAS TREE
22592,CARDHOLDER HOLLY WREATH METAL
22595,GINGHAM HEART DECORATION
22596,CHRISTMAS STAR WISH LIST CHALKBOARD
22598,CHRISTMAS MUSICAL ZINC TREE
22600,CHRISTMAS RETROSPOT STAR WOOD
22602,CHRISTMAS RETROSPOT HEART WOOD
22607,WOODEN ROUNDERS GARDEN SET
22608,PENS ASSORTED FUNKY JEWELED
22610,PENS ASSORTED FUNNY FACE
22613,PACK OF 20 SPACEBOY NAPKINS
22614,PACK OF 12 SPACEBOY TISSUES
22616,PACK OF 12 LONDON TISSUES
22617,BAKING SET SPACEBOY DESIGN
22619,SET OF 6 SOLDIER SKITTLES
22620,4 TRADITIONAL SPINNING TOPS
22621,TRADITIONAL KNITTING NANCY
22622,BOX OF VINTAGE ALPHABET BLOCKS
22624,IVORY KITCHEN SCALES
22625,RED KITCHEN SCALES
22626,BLACK KITCHEN SCALES
22627,MINT KITCHEN SCALES
22629,SPACEBOY LUNCH BOX
22630,DOLLY GIRL LUNCH BOX
22631,CIRCUS PARADE LUNCH BOX
22633,HAND WARMER UNION JACK
22634,CHILDS BREAKFAST SET SPACEBOY
22635,CHILDS BREAKFAST SET DOLLY GIRL
22637,PIGGY BANK RETROSPOT
22640,SET OF 4 NAPKIN CHARMS 3 KEYS
22644,CERAMIC CHERRY CAKE MONEY BANK
22646,CERAMIC STRAWBERRY CAKE MONEY BANK
22649,STRAWBERRY FAIRY CAKE TEAPOT
22650,CERAMIC PIRATE CHEST MONEY BANK
22652,TRAVEL SEWING KIT
22654,DELUXE SEWING KIT
22659,LUNCH BOX I LOVE LONDON
22662,LUNCH BAG DOLLY GIRL DESIGN
22665,RECIPE BOX BLUE SKETCHBOOK DESIGN
22666,RECIPE BOX PANTRY YELLOW DESIGN
22667,RECIPE BOX RETROSPOT
22668,PINK BABY BUNTING
22669,RED BABY BUNTING
22670,FRENCH WC SIGN BLUE METAL
22671,FRENCH LAUNDRY SIGN BLUE METAL
22672,FRENCH BATHROOM SIGN BLUE METAL
22673,FRENCH GARDEN SIGN BLUE METAL
22674,FRENCH TOILET SIGN BLUE METAL
22675,FRENCH KITCHEN SIGN BLUE METAL
22679,FRENCH BLUE METAL DOOR SIGN 4
22680,FRENCH BLUE METAL DOOR SIGN 5
22686,FRENCH BLUE METAL DOOR SIGN No
22692,DOORMAT WELCOME TO OUR HOME
22693,GROW A FLYTRAP OR SUNFLOWER IN TIN
22694,WICKER STAR
22696,WICKER WREATH LARGE
22697,GREEN REGENCY TEACUP AND SAUCER
22698,PINK REGENCY TEACUP AND SAUCER
22699,ROSES REGENCY TEACUP AND SAUCER
22701,PINK DOG BOWL
22705,WRAP GREEN PEARS
22709,WRAP WEDDING DAY
22710,WRAP I LOVE LONDON
22714,CARD BIRTHDAY COWBOY
22716,CARD CIRCUS PARADE
22718,CARD CAT AND TREE
22719,GUMBALL MONOCHROME COAT RACK
22720,SET OF 3 CAKE TINS PANTRY DESIGN
22721,SET OF 3 CAKE TINS SKETCHBOOK
22722,SET OF 6 SPICE TINS PANTRY DESIGN
22725,ALARM CLOCK BAKELIKE CHOCOLATE
22726,ALARM CLOCK BAKELIKE GREEN
22727,ALARM CLOCK BAKELIKE RED
22728,ALARM CLOCK BAKELIKE PINK
22729,ALARM CLOCK BAKELIKE ORANGE
22730,ALARM CLOCK BAKELIKE IVORY
22731,3D CHRISTMAS STAMPS STICKERS
22732,3D VINTAGE CHRISTMAS STICKERS
22733,3D TRADITIONAL CHRISTMAS STICKERS
22734,SET OF 6 RIBBONS VINTAGE CHRISTMAS
22735,RIBBON REEL SOCKS AND MITTENS
22738,RIBBON REEL SNOWY VILLAGE
22740,POLKADOT PEN
22741,FUNKY DIVA PEN
22743,MAKE YOUR OWN FLOWERPOWER CARD KIT
22745,POPPY'S PLAYHOUSE BEDROOM
22748,POPPY'S PLAYHOUSE KITCHEN
22749,FELTCRAFT PRINCESS CHARLOTTE DOLL
22750,FELTCRAFT PRINCESS LOLA DOLL
22751,FELTCRAFT PRINCESS OLIVIA DOLL
22753,SMALL YELLOW BABUSHKA NOTEBOOK
22754,SMALL RED BABUSHKA NOTEBOOK
22755,SMALL PURPLE BABUSHKA NOTEBOOK
22757,LARGE RED BABUSHKA NOTEBOOK
22759,SET OF 3 NOTEBOOKS IN PARCEL
22761,CHEST 7 DRAWER MA CAMPAGNE
22763,KEY CABINET MA CAMPAGNE
22766,PHOTO FRAME CORNICE
22767,TRIPLE PHOTO FRAME CORNICE
22768,FAMILY PHOTO FRAME CORNICE
22770,MIRROR CORNICE
22771,CLEAR DRAWER KNOB ACRYLIC EDWARDIAN
22773,GREEN DRAWER KNOB ACRYLIC EDWARDIAN
22775,PURPLE DRAWERKNOB ACRYLIC EDWARDIAN
22776,SWEETHEART 3 TIER CAKE STAND
22778,GLASS CLOCHE SMALL
22781,GUMBALL MAGAZINE RACK
22784,LANTERN CREAM GAZEBO
22789,T-LIGHT HOLDER SWEETHEART HANGING
22791,T-LIGHT GLASS FLUTED ANTIQUE
22796,PHOTO FRAME 3 CLASSIC HANGING
22797,CHEST OF DRAWERS GINGHAM HEART
22798,ANTIQUE GLASS DRESSING TABLE POT
22799,SWEETHEART WIRE FRUIT BOWL
22804,CANDLEHOLDER PINK HANGING HEART
22805,BLUE DRAWER KNOB ACRYLIC EDWARDIAN
22807,SET OF 6 T-LIGHTS TOADSTOOLS
22811,SET OF 6 T-LIGHTS CACTI
22812,PACK 3 BOXES CHRISTMAS PANETTONE
22813,PACK 3 BOXES BIRD PANNETONE
22815,CARD PSYCHEDELIC APPLES
22817,CARD SUKI BIRTHDAY
22818,CARD CHRISTMAS VILLAGE
22819,"BIRTHDAY CARD, RETRO SPOT"
22821,GIFT BAG PSYCHEDELIC APPLES
22829,SWEETHEART WIRE WALL TIDY
22834,HAND WARMER BABUSHKA DESIGN
22835,HOT WATER BOTTLE I AM SO POORLY
22837,HOT WATER BOTTLE BABUSHKA
22838,3 TIER CAKE TIN RED AND CREAM
22840,ROUND CAKE TIN VINTAGE RED
22842,BISCUIT TIN VINTAGE RED
22844,VINTAGE CREAM DOG FOOD CONTAINER
22845,VINTAGE CREAM CAT FOOD CONTAINER
22846,BREAD BIN DINER STYLE RED
22847,BREAD BIN DINER STYLE IVORY
22848,BREAD BIN DINER STYLE PINK
22849,BREAD BIN DINER STYLE MINT
22851,SET 20 NAPKINS FAIRY CAKES DESIGN
22855,FINE WICKER HEART
22856,ASSORTED EASTER DECORATIONS  BELLS
22858,EASTER TIN KEEPSAKE
22861,EASTER TIN CHICKS IN GARDEN
22863,SOAP DISH BROCANTE
22865,HAND WARMER OWL DESIGN
22866,HAND WARMER SCOTTY DOG DESIGN
22867,HAND WARMER BIRD DESIGN
22869,NUMBER TILE COTTAGE GARDEN 1
22873,NUMBER TILE COTTAGE GARDEN 5
22890,NOVELTY BISCUITS CAKE STAND 3 TIER
22891,TEA FOR ONE POLKADOT
22892,SET OF SALT AND PEPPER TOADSTOOLS
22893,MINI CAKE STAND T-LIGHT HOLDER
22894,TABLECLOTH RED APPLES DESIGN
22895,SET OF 2 TEA TOWELS APPLE AND PEARS
22896,PEG BAG APPLES DESIGN
22898,CHILDRENS APRON APPLES DESIGN
22899,CHILDREN'S APRON DOLLY GIRL
22900,SET 2 TEA TOWELS I LOVE LONDON
22904,CALENDAR PAPER CUT DESIGN
22906,12 MESSAGE CARDS WITH ENVELOPES
22907,PACK OF 20 NAPKINS PANTRY DESIGN
22908,PACK OF 20 NAPKINS RED APPLES
22909,SET OF 20 VINTAGE CHRISTMAS NAPKINS
22910,PAPER CHAIN KIT VINTAGE CHRISTMAS
22913,RED COAT RACK PARIS FASHION
22914,BLUE COAT RACK PARIS FASHION
22915,ASSORTED BOTTLE TOP  MAGNETS
22921,HERB MARKER CHIVES
22923,FRIDGE MAGNETS LES ENFANTS ASSORTED
22925,BLUE GIANT GARDEN THERMOMETER
22926,IVORY GIANT GARDEN THERMOMETER
22927,GREEN GIANT GARDEN THERMOMETER
22929,SCHOOL DESK AND CHAIR
22930,BAKING MOULD HEART MILK CHOCOLATE
22933,BAKING MOULD EASTER EGG MILK CHOC
22934,BAKING MOULD EASTER EGG WHITE CHOC
22935,BAKING MOULD ROSE MILK CHOCOLATE
22937,BAKING MOULD CHOCOLATE CUPCAKES
22939,ADULT APRON APPLE DELIGHT
22940,FELTCRAFT CHRISTMAS FAIRY
22941,CHRISTMAS LIGHTS 10 REINDEER
22943,CHRISTMAS LIGHTS 10 VINTAGE BAUBLES
22944,CHRISTMAS METAL POSTCARD WITH BELLS
22945,CHRISTMAS METAL TAGS ASSORTED
22946,WOODEN ADVENT CALENDAR CREAM
22947,WOODEN ADVENT CALENDAR RED
22949,36 DOILIES DOLLY GIRL
22950,36 DOILIES VINTAGE CHRISTMAS
22951,60 CAKE CASES DOLLY GIRL DESIGN
22952,60 CAKE CASES VINTAGE CHRISTMAS
22953,BIRTHDAY PARTY CORDON BARRIER TAPE
22955,36 FOIL STAR CAKE CASES
22956,36 FOIL HEART CAKE CASES
22957,SET 3 PAPER VINTAGE CHICK PAPER EGG
22959,WRAP CHRISTMAS VILLAGE
22960,JAM MAKING SET WITH JARS
22961,JAM MAKING SET PRINTED
22962,JAM JAR WITH PINK LID
22963,JAM JAR WITH GREEN LID
22964,3 PIECE SPACEBOY COOKIE CUTTER SET
22965,3 TRADITIONAl BISCUIT CUTTERS  SET
22966,GINGERBREAD MAN COOKIE CUTTER
22967,SET 3 SONG BIRD PAPER EGGS ASSORTED
22969,HOMEMADE JAM SCENTED CANDLES
22970,LONDON BUS COFFEE MUG
22971,QUEENS GUARD COFFEE MUG
22972,CHILDREN'S SPACEBOY MUG
22973,CHILDREN'S CIRCUS PARADE MUG
22974,CHILDRENS DOLLY GIRL MUG
22976,CIRCUS PARADE CHILDRENS EGG CUP
22977,DOLLY GIRL CHILDRENS EGG CUP
22978,PANTRY ROLLING PIN
22979,PANTRY WASHING UP BRUSH
22983,CARD BILLBOARD FONT
22984,CARD GINGHAM ROSE
22986,GINGHAM ROSE WRAP
22988,SOLDIERS EGG CUP
22989,SET 2 PANTRY DESIGN TEA TOWELS
22990,COTTON APRON PANTRY DESIGN
22993,SET OF 4 PANTRY JELLY MOULDS
22994,TRAVEL CARD WALLET RETROSPOT
22995,TRAVEL CARD WALLET SUKI
22996,TRAVEL CARD WALLET VINTAGE TICKET
22998,TRAVEL CARD WALLET KEEP CALM
23000,TRAVEL CARD WALLET TRANSPORT
23002,TRAVEL CARD WALLET SKULLS
23004,TRAVEL CARD WALLET PANTRY
23005,TRAVEL CARD WALLET I LOVE LONDON
23008,DOLLY GIRL BABY GIFT SET
23010,CIRCUS PARADE BABY GIFT SET
23029,DRAWER KNOB CRACKLE GLAZE GREEN
23031,DRAWER KNOB CRACKLE GLAZE PINK
23033,DRAWER KNOB CERAMIC RED
23034,DRAWER KNOB CERAMIC BLACK
23035,DRAWER KNOB CERAMIC IVORY
23042,PAPER LANTERN 7 POINT SNOW STAR
23047,PAPER LANTERN 5 POINT SEQUIN STAR
23049,RECYCLED ACAPULCO MAT RED
23051,RECYCLED ACAPULCO MAT BLUE
23052,RECYCLED ACAPULCO MAT TURQUOISE
23056,FLOWERS CHANDELIER T-LIGHT HOLDER
23060,HEART BEADED TRELLIS DECORATION
23067,HANGING ENGRAVED METAL HEART
23076,ICE CREAM SUNDAE LIP GLOSS
23078,ICE CREAM PEN LIP GLOSS
23079,TOADSTOOL BEDSIDE LIGHT
23083,SET 6 PAPER TABLE LANTERN STARS
23084,RABBIT NIGHT LIGHT
23085,ANTIQUE SILVER BAUBLE LAMP
23087,ZINC  HEART T-LIGHT HOLDER
23088,ZINC HEART FLOWER T-LIGHT HOLDER
23091,ZINC HERB GARDEN CONTAINER
23092,LARGE ANTIQUE WHITE PHOTO FRAME
23093,SMALL PARISIENNE HEART PHOTO FRAME
23096,PETIT TRAY CHIC
23100,SILVER BELLS TABLE DECORATION
23103,JINGLE BELL HEART DECORATION
23108,SET OF 10 LED DOLLY LIGHTS
23109,LED TEA LIGHTS
23113,PANTRY CHOPPING BOARD
23114,VINTAGE LEAF CHOPPING BOARD
23119,PACK OF 6 LARGE FRUIT STRAWS
23123,COCKTAIL SWORDS 50 PIECES
23126,FELTCRAFT GIRL AMELIE KIT
23127,FELTCRAFT GIRL NICOLE KIT
23129,HEART SHAPED HOLLY WREATH
23131,MISTLETOE HEART WREATH CREAM
23133,LARGE IVORY HEART WALL ORGANISER
23136,IVORY WIRE SWEETHEART LETTER TRAY
23144,ZINC T-LIGHT HOLDER STARS SMALL
23145,ZINC T-LIGHT HOLDER STAR LARGE
23146,TRIPLE HOOK ANTIQUE IVORY ROSE
23148,MINIATURE ANTIQUE ROSE HOOK IVORY
23150,IVORY SWEETHEART SOAP DISH
23153,ZINC SWEETHEART WIRE LETTER RACK
23154,SET OF 4 JAM JAR MAGNETS
23158,SET OF 5 LUCKY CAT MAGNETS
23159,SET OF 5 PANCAKE DAY MAGNETS
23160,REGENCY TEA SPOON
23162,REGENCY TEA STRAINER
23163,REGENCY SUGAR TONGS
23165,LARGE CERAMIC TOP STORAGE JAR
23167,SMALL CERAMIC TOP STORAGE JAR
23168,CLASSIC CAFE SUGAR DISPENSER
23169,CLASSIC GLASS COOKIE JAR
23170,REGENCY TEA PLATE ROSES
23171,REGENCY TEA PLATE GREEN
23172,REGENCY TEA PLATE PINK
23173,REGENCY TEAPOT ROSES
23174,REGENCY SUGAR BOWL GREEN
23175,REGENCY MILK JUG PINK
23176,ABC TREASURE BOOK BOX
23177,TREASURE ISLAND BOOK BOX
23182,TOILET SIGN OCCUPIED OR VACANT
23183,MOTHER'S KITCHEN SPOON REST
23184,BULL DOG BOTTLE OPENER
23185,FRENCH STYLE STORAGE JAR JAM
23188,VINTAGE  2 METER FOLDING RULER
23191,BUNDLE OF 3 RETRO NOTE BOOKS
23192,BUNDLE OF 3 ALPHABET EXERCISE BOOKS
23193,BUFFALO BILL TREASURE BOOK BOX
23196,VINTAGE LEAF MAGNETIC NOTEPAD
23197,SKETCHBOOK MAGNETIC SHOPPING LIST
23198,PANTRY MAGNETIC  SHOPPING LIST
23199,JUMBO BAG APPLES
23200,JUMBO BAG PEARS
23201,JUMBO BAG ALPHABET
23202,JUMBO BAG VINTAGE LEAF
23203,JUMBO BAG VINTAGE DOILY
23204,CHARLOTTE BAG APPLES DESIGN
23205,CHARLOTTE BAG VINTAGE ALPHABET
23206,LUNCH BAG APPLE DESIGN
23207,LUNCH BAG ALPHABET DESIGN
23208,LUNCH BAG VINTAGE LEAF DESIGN
23209,LUNCH BAG DOILEY PATTERN
23210,WHITE ROCKING HORSE HAND PAINTED
23215,JINGLE BELL HEART ANTIQUE SILVER
23219,LAUREL STAR ANTIQUE SILVER
23221,REINDEER HEART DECORATION SILVER
23225,CHERUB HEART DECORATION SILVER
23227,FILIGREE HEART BUTTERFLY WHITE
23229,VINTAGE DONKEY TAIL GAME
23231,WRAP DOILEY DESIGN
23232,WRAP VINTAGE LEAF DESIGN
23234,BISCUIT TIN VINTAGE CHRISTMAS
23235,STORAGE TIN VINTAGE LEAF
23236,DOILEY STORAGE TIN
23238,SET OF 4 KNICK KNACK TINS LONDON
23239,SET OF 4 KNICK KNACK TINS POPPIES
23240,SET OF 4 KNICK KNACK TINS DOILEY
23241,TREASURE TIN GYMKHANA DESIGN
23242,TREASURE TIN BUFFALO BILL
23243,SET OF TEA COFFEE SUGAR TINS PANTRY
23244,ROUND STORAGE TIN VINTAGE LEAF
23245,SET OF 3 REGENCY CAKE TINS
23247,BISCUIT TIN 50'S CHRISTMAS
23252,VINTAGE RED ENAMEL TRIM JUG
23254,CHILDRENS CUTLERY DOLLY GIRL
23255,CHILDRENS CUTLERY CIRCUS PARADE
23256,CHILDRENS CUTLERY SPACEBOY
23263,SET OF 3 WOODEN HEART DECORATIONS
23265,SET OF 3 WOODEN TREE DECORATIONS
23266,SET OF 3 WOODEN STOCKING DECORATION
23267,SET OF 4 SANTA PLACE SETTINGS
23270,SET OF 2 CERAMIC PAINTED HEARTS
23283,DOORMAT VINTAGE LEAVES DESIGN
23284,DOORMAT KEEP CALM AND COME IN
23286,BLUE VINTAGE SPOT BEAKER
23288,GREEN VINTAGE SPOT BEAKER
23289,DOLLY GIRL CHILDRENS BOWL
23290,SPACEBOY CHILDRENS BOWL
23291,DOLLY GIRL CHILDRENS CUP
23292,SPACEBOY CHILDRENS CUP
23293,SET OF 12 FAIRY CAKE BAKING CASES
23295,SET OF 12 MINI LOAF BAKING CASES
23296,SET OF 6 TEA TIME BAKING CASES
23297,SET 40 HEART SHAPE PETIT FOUR CASES
23298,SPOTTY BUNTING
23299,FOOD COVER WITH BEADS SET 2
23300,GARDENERS KNEELING PAD CUP OF TEA
23301,GARDENERS KNEELING PAD KEEP CALM
23307,SET OF 60 PANTRY DESIGN CAKE CASES
23308,SET OF 60 VINTAGE LEAF CAKE CASES
23309,SET OF 60 I LOVE LONDON CAKE CASES
23311,VINTAGE CHRISTMAS STOCKING
23314,VINTAGE CHRISTMAS TABLECLOTH
23316,RED REFECTORY CLOCK
23319,BOX OF 6 MINI 50'S CRACKERS
23320,GIANT 50'S CHRISTMAS CRACKER
23321,SMALL WHITE HEART OF WICKER
23322,LARGE WHITE HEART OF WICKER
23323,WHITE WICKER STAR
23325,RUSTIC STRAWBERRY JAM POT SMALL
23328,SET 6 SCHOOL MILK BOTTLES IN CRATE
23329,DECORATIVE WICKER HEART LARGE
23331,DECORATIVE WICKER HEART SMALL
23333,IVORY WICKER HEART MEDIUM
23342,MINT DINER WALL CLOCK
23343,JUMBO BAG VINTAGE CHRISTMAS
23344,JUMBO BAG 50'S CHRISTMAS
23346,SPACEBOY BEAKER
23347,I LOVE LONDON BEAKER
23348,CHILDRENS TOY COOKING UTENSIL SET
23349,ROLL WRAP VINTAGE CHRISTMAS
23350,ROLL WRAP VINTAGE SPOT
23351,ROLL WRAP 50'S CHRISTMAS
23354,6 GIFT TAGS 50'S CHRISTMAS
23355,HOT WATER BOTTLE KEEP CALM
23357,HOT WATER BOTTLE SEX BOMB
23358,HOT STUFF HOT WATER BOTTLE
23359,SET OF 12 T-LIGHTS VINTAGE DOILY
23365,SET 12 COLOUR PENCILS LOVE LONDON
23366,SET 12 COLOURING PENCILS DOILY
23367,SET 12 COLOUR PENCILS SPACEBOY
23371,SET 36 COLOUR PENCILS SPACEBOY
23376,PACK OF 12 VINTAGE CHRISTMAS TISSUE
23378,PACK OF 12 50'S CHRISTMAS TISSUES
23379,PACK OF 12 RED APPLE TISSUES
23380,PACK OF 12 VINTAGE DOILY TISSUES
23381,PACK OF 12 VINTAGE LEAF TISSUES
23382,BOX OF 6 CHRISTMAS CAKE DECORATIONS
23388,WOODLAND MINI BACKPACK
23389,SPACEBOY MINI BACKPACK
23390,DOLLY GIRL MINI BACKPACK
23392,SPACEBOY ROCKET LOLLY MAKERS
23393,HOME SWEET HOME CUSHION COVER
23394,POSTE FRANCE CUSHION COVER
23395,BELLE JARDINIERE CUSHION COVER
23396,LE JARDIN BOTANIQUE CUSHION COVER
23397,FOOT STOOL HOME SWEET HOME
23398,HANGING HEART BONHEUR
23399,HOME SWEET HOME HANGING HEART
23401,RUSTIC MIRROR WITH LACE HEART
23403,LETTER HOLDER HOME SWEET HOME
23405,HOME SWEET HOME 2 DRAWER CABINET
23407,SET OF 2 TRAYS HOME SWEET HOME
23408,PHOTO FRAME LINEN AND LACE SMALL
23411,TRELLIS COAT RACK
23412,HEART MIRROR ANTIQUE WHITE
23420,PANTRY HOOK TEA STRAINER
23426,METAL SIGN DROP YOUR PANTS
23427,STOOL HOME SWEET HOME
23432,PRETTY HANGING QUILTED HEARTS
23434,3 RAFFIA RIBBONS 50'S CHRISTMAS
23435,3 RAFFIA RIBBONS VINTAGE CHRISTMAS
23437,50'S CHRISTMAS GIFT BAG LARGE
23439,HAND WARMER RED LOVE HEART
23452,HEART MINI PORTRAIT FRAME
23461,SWEETHEART BIRD HOUSE
23462,ROCOCO WALL MIRROR WHITE
23469,CARD HOLDER LOVE BIRD SMALL
23480,MINI LIGHTS WOODLAND MUSHROOMS
23482,PEARLISED IVORY HEART LARGE
23485,BOTANICAL GARDENS WALL CLOCK
23487,SWEET HEART CAKE CARRIER
23489,VINTAGE BELLS GARLAND
23490,T-LIGHT HOLDER HANGING LOVE BIRD
23493,VINTAGE DOILY TRAVEL SEWING KIT
23494,VINTAGE DOILY DELUXE SEWING KIT
23495,SET OF 3 PANTRY WOODEN SPOONS
23497,CLASSIC CHROME BICYCLE BELL
23498,CLASSIC BICYCLE CLIPS
23501,KEY RING BASEBALL BOOT UNION JACK
23503,PLAYING CARDS KEEP CALM & CARRY ON
23506,MINI PLAYING CARDS SPACEBOY
23507,MINI PLAYING CARDS BUFFALO BILL
23508,MINI PLAYING CARDS DOLLY GIRL
23512,EMBROIDERED RIBBON REEL ROSIE
23513,EMBROIDERED RIBBON REEL SUSIE
23515,EMBROIDERED RIBBON REEL DAISY
23517,EMBROIDERED RIBBON REEL REBECCA
23525,WALL ART BUFFALO BILL
23526,WALL ART DOG LICENCE
23531,WALL ART BIG LOVE
23533,WALL ART GARDEN HAVEN
23534,STOP FOR TEA WALL ART
23543,WALL ART KEEP CALM
23550,WRAP ALPHABET POSTER
23551,PACK OF 12 PAISLEY PARK TISSUES
23552,BICYCLE PUNCTURE REPAIR KIT
23559,WOODLAND BUNNIES LOLLY MAKERS
23562,SET OF 6 RIBBONS PERFECTLY PRETTY
23566,EGG CUP MILKMAID HEIDI
23569,TRADTIONAL ALPHABET STAMP SET
23570,TRADITIONAL PICK UP STICKS GAME
23581,JUMBO BAG PAISLEY PARK
23583,LUNCH BAG PAISLEY PARK
23640,SET 10 CARDS SCOTTIE DOG 17211
23661,MILK MAIDS MUG
23681,LUNCH BAG RED VINTAGE DOILY
23694,PAISLEY PARK CARD
35095A,BLUE VICTORIAN FABRIC OVAL BOX
35095B,RED VICTORIAN FABRIC OVAL BOX
35443,RASTA IN BATH W SPLIFF ASHTRAY
35471D,SET OF 3 BIRD LIGHT PINK FEATHER
35599B,BLACK CHRISTMAS TREE 120CM
35648,VINTAGE BEAD PINK PURSE
35817P,"ACRYLIC JEWEL SNOWFLAKE,PINK"
35914,PINK CHICK EGG WARMER + EGG CUP
35915B,BLUE KNITTED HEN
35915C,PEACH KNITTED HEN
35916A,YELLOW FELT HANGING HEART W FLOWER
35924,HANGING FAIRY CAKE DECORATION
35953,FOLKART STAR CHRISTMAS DECORATIONS
35964,FOLKART CLIP ON STARS
35970,ZINC FOLKART SLEIGH BELLS
35971,ROSE FOLKART HEART DECORATIONS
37327,ASSTD MULTICOLOUR CIRCLES MUG
37340,MULTICOLOUR SPRING FLOWER MUG
37342,POLKADOT COFFEE CUP & SAUCER PINK
37444C,PINK BREAKFAST CUP AND SAUCER
37446,MINI CAKE STAND WITH HANGING CAKES
37447,CERAMIC CAKE DESIGN SPOTTED PLATE
37448,CERAMIC CAKE DESIGN SPOTTED MUG
37449,CERAMIC CAKE STAND + HANGING CAKES
37476,CONDIMENT TRAY 4 BOWLS AND 4 SPOONS
37482P,CUBIC MUG PINK POLKADOT
37489D,PINK/GREEN FLOWER DESIGN BIG MUG
40005B,BLUE ORGANDY ROUND LAMPSHADE W BEA
44092C,PURPLE/COPPER HANGING LAMPSHADE
46000M,POLYESTER FILLER PAD 45x45cm
46776F,WOVEN ROSE GARDEN CUSHION COVER
47420,ASSORTED COLOUR SUCTION CUP HOOK
47422,ASSORTED MONKEY SUCTION CUP HOOK
47481,50CM METAL STRING WITH  7 CLIPS
47503A,ASS FLORAL PRINT MULTI SCREWDRIVER
47504H,ENGLISH ROSE SPIRIT LEVEL
47504K,ENGLISH ROSE GARDEN SECATEURS
47559B,TEA TIME OVEN GLOVE
47566,PARTY BUNTING
47566B,TEA TIME PARTY BUNTING
47566b,TEA TIME PARTY BUNTING
47574A,ENGLISH ROSE SCENTED HANGING FLOWER
47585A,PINK FAIRY CAKE CUSHION COVER
47590A,BLUE HAPPY BIRTHDAY BUNTING
47590B,PINK HAPPY BIRTHDAY BUNTING
47591D,PINK FAIRY CAKE CHILDRENS APRON
47593B,SCOTTIE DOGS BABY BIB
47599A,PINK PARTY BAGS
48111,DOORMAT 3 SMILEY CATS
48116,DOORMAT MULTICOLOUR STRIPE
48129,DOORMAT TOPIARY
48138,DOORMAT UNION FLAG
48173C,DOORMAT BLACK FLOCK
48184,DOORMAT ENGLISH ROSE
48185,DOORMAT FAIRY CAKE
48187,DOORMAT NEW ENGLAND
48194,DOORMAT HEARTS
51014A,"FEATHER PEN,HOT PINK"
70007,HI TEC ALPINE HAND WARMER
71038,WHITE HANGING BEADS CANDLE HOLDER
71459,HANGING JAM JAR T-LIGHT HOLDERS
71477,COLOUR GLASS. STAR T-LIGHT HOLDER
72232,FENG SHUI PILLAR CANDLE
72349B,SET/6 PURPLE BUTTERFLY T-LIGHTS
72351A,SET/6 TURQUOISE BUTTERFLY T-LIGHTS
72586,SET OF 6 HALLOWEEN GHOST T-LIGHTS
72598,SET/12 TAPER CANDLES
72741,GRAND CHOCOLATECANDLE
72760B,VINTAGE CREAM 3 BASKET CAKE STAND
72799E,IVORY PILLAR CANDLE SILVER FLOCK
72800C,4 PINK DINNER CANDLE SILVER FLOCK
72802A,ROSE SCENT CANDLE IN JEWELLED BOX
72807A,SET/3 ROSE CANDLE IN JEWELLED BOX
72818,CHRISTMAS DECOUPAGE CANDLE
75049L,LARGE CIRCULAR MIRROR MOBILE
79000,MOROCCAN TEA GLASS
79030G,TUMBLER NEW ENGLAND
79051A,SMOKEY GREY COLOUR GLASS
79066K,RETRO MOD TRAY
79164,BLACK WINE GLASS
79321,CHILLI LIGHTS
82482,WOODEN PICTURE FRAME WHITE FINISH
82483,WOOD 2 DRAWER CABINET WHITE FINISH
82484,WOOD BLACK BOARD ANT WHITE FINISH
82486,WOOD S/3 CABINET ANT WHITE FINISH
82494L,WOODEN FRAME ANTIQUE WHITE
82551,LAUNDRY 15C METAL SIGN
82578,KITCHEN METAL SIGN
82580,BATHROOM METAL SIGN
82582,AREA PATROLLED METAL SIGN
82583,HOT BATHS METAL SIGN
82599,FANNY'S REST STOPMETAL SIGN
82600,NO SINGING METAL SIGN
82613B,"METAL SIGN,CUPCAKE SINGLE HOOK"
82613C,"METAL SIGN,CUPCAKE SINGLE HOOK"
82613D,METAL SIGN CUPCAKE SINGLE HOOK
84029E,RED WOOLLY HOTTIE WHITE HEART.
84029G,KNITTED UNION FLAG HOT WATER BOTTLE
84030E,ENGLISH ROSE HOT WATER BOTTLE
84031A,CHARLIE+LOLA RED HOT WATER BOTTLE
84031B,CHARLIE LOLA BLUE HOT WATER BOTTLE
84032A,CHARLIE+LOLA PINK HOT WATER BOTTLE
84050,PINK HEART SHAPE EGG FRYING PAN
84077,WORLD WAR 2 GLIDERS ASSTD DESIGNS
84078A,SET/4 WHITE RETRO STORAGE CUBES
84251G,"GREETING CARD, OVERCROWDED POOL."
84341B,SMALL PINK MAGIC CHRISTMAS TREE
84347,ROTATING SILVER ANGELS T-LIGHT HLDR
84360,TABLE LAMP WHITE SHADE WOOD BASE
84375,SET OF 20 KIDS COOKIE CUTTERS
84378,SET OF 3 HEART COOKIE CUTTERS
84380,SET OF 3 BUTTERFLY COOKIE CUTTERS
84459A,PINK METAL CHICKEN HEART
84459B,YELLOW METAL CHICKEN HEART
84507B,STRIPES DESIGN MONKEY DOLL
84508A,CAMOUFLAGE DESIGN TEDDY
84508B,STRIPES DESIGN TEDDY
84508C,BLUE CIRCLES DESIGN TEDDY
84509B,SET OF 4 FAIRY CAKE PLACEMATS
84510C,SET OF 4 POLKADOT COASTERS
84520B,PACK 20 ENGLISH ROSE PAPER NAPKINS
84527,FLAMES SUNGLASSES PINK LENSES
84535B,FAIRY CAKES NOTEBOOK A6 SIZE
84536A,ENGLISH ROSE NOTEBOOK A7 SIZE
84536B,FAIRY CAKES NOTEBOOK A7 SIZE
84559A,3D SHEET OF DOG STICKERS
84568,GIRLS ALPHABET IRON ON PATCHES
84569D,PACK 6 HEART/ICE-CREAM PATCHES
84596B,SMALL DOLLY MIX DESIGN ORANGE BOWL
84596F,SMALL MARSHMALLOWS PINK BOWL
84596G,SMALL CHOCOLATES PINK BOWL
84596J,MIXED NUTS LIGHT GREEN BOWL
84596L,BISCUITS SMALL BOWL LIGHT BLUE
84598,BOYS ALPHABET IRON ON PATCHES
84625A,PINK NEW BAROQUECANDLESTICK CANDLE
84660B,BLACK STITCHED WALL CLOCK
84661B,BLACK SQUARE TABLE CLOCK
84663A,GRASS HOPPER WOODEN WALL CLOCK
84673B,BLUE FLY SWAT
84674,FLYING PIG WATERING CAN
84685,BEACH HUT KEY CABINET
84692,BOX OF 24 COCKTAIL PARASOLS
84725,FREESTYLE CANVAS ART PICTURE
84731,3 BIRDS CANVAS SCREEN
84754,S/15 SILVER GLASS BAUBLES IN BAG
84755,COLOUR GLASS T-LIGHT HOLDER HANGING
84789,ENCHANTED BIRD PLANT CAGE
84792,ENCHANTED BIRD COATHANGER 5 HOOK
84800S,SMALL WHITE/PINK ROSE ART FLOWER
84803B,WHITE ALLIUM  ARTIFICIAL FLOWER
84818,DANISH ROSE PHOTO FRAME
84819,DANISH ROSE ROUND SEWING BOX
84836,ZINC METAL HEART DECORATION
84843,WHITE SOAP RACK WITH 2 BOTTLES
84849A,HELLO SAILOR BLUE SOAP HOLDER
84857C,PINK MONTE CARLO HANDBAG
84859C,PINK DISCO HANDBAG
84870B,BLUE GEISHA GIRL
84870C,GREEN GEISHA GIRL
84877A,PINK ROUND COMPACT MIRROR
84877B,GREEN ROUND COMPACT MIRROR
84879,ASSORTED COLOUR BIRD ORNAMENT
84884A,ANT WHITE WIRE HEART SPIRAL
84915,HAND TOWEL PINK FLOWER AND DAISY
84924A,WAKE UP COCKEREL CALENDAR SIGN
84926D,LA PALMIERA TILE COASTER
84945,MULTI COLOUR SILVER T-LIGHT HOLDER
84946,ANTIQUE SILVER T-LIGHT GLASS
84947,ANTIQUE SILVER TEA GLASS ENGRAVED
84949,SILVER HANGING T-LIGHT HOLDER
84968A,SET OF 16 VINTAGE ROSE CUTLERY
84968C,SET OF 16 VINTAGE PISTACHIO CUTLERY
84968F,SET OF 16 VINTAGE SKY BLUE CUTLERY
84969,BOX OF 6 ASSORTED COLOUR TEASPOONS
84970L,SINGLE HEART ZINC T-LIGHT HOLDER
84970S,HANGING HEART ZINC T-LIGHT HOLDER
84970l,SINGLE HEART ZINC T-LIGHT HOLDER
84974,S/2 ZINC HEART DESIGN PLANTERS
84978,HANGING HEART JAR T-LIGHT HOLDER
84987,SET OF 36 TEATIME PAPER DOILIES
84988,SET OF 72 PINK HEART PAPER DOILIES
84991,60 TEATIME FAIRY CAKE CASES
84992,72 SWEETHEART FAIRY CAKE CASES
84997A,CHILDRENS CUTLERY POLKADOT GREEN
84997B,CHILDRENS CUTLERY RETROSPOT RED
84997C,BLUE 3 PIECE POLKADOT CUTLERY SET
84997D,CHILDRENS CUTLERY POLKADOT PINK
84997c,CHILDRENS CUTLERY POLKADOT BLUE
84997d,CHILDRENS CUTLERY POLKADOT PINK
85014A,BLACK/BLUE POLKADOT UMBRELLA
85014B,RED RETROSPOT UMBRELLA
85017B,ENVELOPE 50 BLOSSOM IMAGES
85025C,PINK HEART SHAPE PHOTO FRAME
85030,FRENCH CHATEAU OVAL PLATTER
85032A,ROMANTIC IMAGES GIFT WRAP SET
85032D,YULETIDE IMAGES GIFT WRAP SET
85034B,3 WHITE CHOC MORRIS BOXED CANDLES
85036A,GARDENIA 1 WICK MORRIS BOXED CANDLE
85036C,ROSE 1 WICK MORRIS BOXED CANDLE
85039a,SET/4 RED MINI ROSE CANDLE IN BOWL
85040A,S/4 PINK FLOWER CANDLES IN BOWL
85040a,S/4 PINK FLOWER CANDLES IN BOWL
85042,ANTIQUE LILY FAIRY LIGHTS
85049A,TRADITIONAL CHRISTMAS RIBBONS
85049C,ROMANTIC PINKS RIBBONS
85049F,BABY BOOM RIBBONS
85049G,CHOCOLATE BOX RIBBONS
85049a,TRADITIONAL CHRISTMAS RIBBONS
85049e,SCANDINAVIAN REDS RIBBONS
85062,PEARL CRYSTAL PUMPKIN T-LIGHT HLDR
85066,CREAM SWEETHEART MINI CHEST
85078,SCANDINAVIAN 3 HEARTS NAPKIN RING
85086A,CANDY SPOT HEART DECORATION
85093,CANDY SPOT EGG WARMER HARE
85094,CANDY SPOT EGG WARMER RABBIT
85099B,JUMBO BAG RED RETROSPOT
85099C,JUMBO  BAG BAROQUE BLACK WHITE
85099F,JUMBO BAG STRAWBERRY
85114A,BLACK ENCHANTED FOREST PLACEMAT
85116,BLACK CANDELABRA T-LIGHT HOLDER
85123A,WHITE HANGING HEART T-LIGHT HOLDER
85125,SMALL ROUND CUT GLASS CANDLESTICK
85129B,BEADED CRYSTAL HEART GREEN SMALL
85129D,BEADED CRYSTAL HEART PINK SMALL
85130D,BEADED CRYSTAL HEART PINK LARGE
85131A,BEADED PEARL HEART WHITE ON STICK
85131B,BEADED CRYSTAL HEART GREEN ON STICK
85132A,CHARLIE + LOLA BISCUITS TINS
85144,JARDIN ETCHED GLASS CHEESE DISH
85150,LADIES & GENTLEMEN METAL SIGN
85152,HAND OVER THE CHOCOLATE   SIGN
85169C,EAU DE NIL LOVE BIRD CANDLE
85170C,SET/6 EAU DE NIL BIRD T-LIGHTS
85173,SET/6 FROG PRINCE T-LIGHT CANDLES
85174,S/4 CACTI CANDLES
85175,CACTI T-LIGHT CANDLES
85178,VICTORIAN SEWING KIT
85183A,CHARLIE & LOLA WASTEPAPER BIN BLUE
85186C,BUNNY EGG GARLAND
85188A,GREEN METAL SWINGING BUNNY
85194L,HANGING SPRING FLOWER EGG LARGE
85199L,LARGE HANGING IVORY & RED WOOD BIRD
85200,BUNNY EGG BOX
85202,HANGING WOOD AND FELT HEART
85204,HANGING WOOD AND FELT FLOWER
85206A,CREAM FELT EASTER EGG BASKET
85230B,CINNAMON SCENTED VOTIVE CANDLE
85230F,JASMINE VOTIVE CANDLE
85231B,CINAMMON SET OF 9 T-LIGHTS
85232A,SET/3 POLKADOT STACKING TINS
90010E,AMBER GLASS/SILVER BRACELET
90013B,BLACK VINTAGE EARRINGS
90014B,GOLD M PEARL  ORBIT NECKLACE
90022,EDWARDIAN DROP EARRINGS JET BLACK
90030B,RED KUKUI COCONUT SEED NECKLACE
90035C,"PEARL & SHELL 42""NECKL. IVORY"
90094,NECKLACE+BRACELET SET FRUIT SALAD
90123A,PINK HEART OF GLASS BRACELET
90125C,TURQUOISE BERTIE GLASS BEAD CHARM
90161D,ANT COPPER PINK BOUDICCA BRACELET
90164B,WHITE  ROSEBUD PEARL BRACELET
90175A,WHITE GLASS CHUNKY CHARM BRACELET
90185C,BLACK DIAMANTE EXPANDABLE RING
90187B,GREEN DROP EARRINGS W BEAD CLUSTER
90190B,GOLD/AMBER DROP EARRINGS W LEAF
90198A,VINTAGE ROSE BEAD BRACELET RASPBERR
90201B,BLACK ENAMEL FLOWER RING
90208,PAIR OF PINK FLOWER CLUSTER SLIDE
90214C,"LETTER ""C"" BLING KEY RING"
90214S,"LETTER ""S"" BLING KEY RING"
90214W,"LETTER ""W"" BLING KEY RING"
C2,CARRIAGE
DOT,DOTCOM POSTAGE
M,Manual
POST,POSTAGE
